Date,Text,Link(s),Media URL(s),Title,Label(s),Alt text(s),Comment(s),"Pin board, FB album, or Google category",Post subtype,CTA,Reminder
2026-09-02 08:30,What is the best laundry detergent? It depends entirely on the use case — here's the practical breakdown by fabric and load type.,https://sanitify.co/best-detergents-guide/,https://raw.githubusercontent.com/kennlend/sanitify-social-assets/main/pinterest/pins/best-detergents-guide/best-detergents-guide-01.png,Best Detergents by Use Case: Practical Laundry Guide | Sanitify Guide,,Vertical Sanitify Pinterest graphic using home lifestyle photography with the headline: Best Detergents by Use Case: Practical Laundry Guide.,,Natural Cleaning Tips for the Home,,,
2026-09-02 12:30,"Save this chemical-free cleaning checklist: the simple ingredients you probably already own, and how to use them without guessing at ratios.",https://sanitify.co/the-best-eco-friendly-cleaning-solutions-for-a-chemical-free-home/,https://raw.githubusercontent.com/kennlend/sanitify-social-assets/main/pinterest/pins/the-best-eco-friendly-cleaning-solutions-for-a-chemical-free-home/the-best-eco-friendly-cleaning-solutions-for-a-chemical-free-home-02.png,Save This Chemical-Free Cleaning Checklist | Sanitify Guide,,Vertical Sanitify Pinterest graphic using home lifestyle photography with the headline: Save This Chemical-Free Cleaning Checklist.,,Natural Cleaning Tips for the Home,,,
2026-09-02 16:30,"Bathroom mold: what the evidence shows about ventilation, the habit most people get completely wrong.",https://sanitify.co/bathroom-mold-prevention/,https://raw.githubusercontent.com/kennlend/sanitify-social-assets/main/pinterest/pins/bathroom-mold-prevention/bathroom-mold-prevention-03.png,Bathroom Mold: What the Evidence Shows | Sanitify Guide,,Vertical Sanitify Pinterest graphic using home lifestyle photography with the headline: Bathroom Mold: What the Evidence Shows.,,Mold Removal and Prevention Tips,,,
2026-09-02 19:30,What most bathroom mold guides miss: cleaning the mold you can see does nothing if the humidity that grew it never changes.,https://sanitify.co/bathroom-mold-prevention/,https://raw.githubusercontent.com/kennlend/sanitify-social-assets/main/pinterest/pins/bathroom-mold-prevention/bathroom-mold-prevention-04.png,What Most Bathroom Mold Guides Miss | Sanitify Guide,,Vertical Sanitify Pinterest graphic using home lifestyle photography with the headline: What Most Bathroom Mold Guides Miss.,,Mold Removal and Prevention Tips,,,
2026-09-03 08:30,What's actually lurking in your cleaning supplies? The hidden dangers of chemical cleaners most labels don't spell out.,https://sanitify.co/the-hidden-dangers-of-chemical-cleaners-and-what-to-use-instead/,https://raw.githubusercontent.com/kennlend/sanitify-social-assets/main/pinterest/pins/the-hidden-dangers-of-chemical-cleaners-and-what-to-use-instead/the-hidden-dangers-of-chemical-cleaners-and-what-to-use-instead-01.png,Hidden Dangers of Chemical Cleaners | Sanitify Guide,,Vertical Sanitify Pinterest graphic using home lifestyle photography with the headline: Hidden Dangers of Chemical Cleaners.,,Natural Cleaning Tips for the Home,,,
2026-09-03 12:30,Save this probiotic cleaning checklist: the key characteristics of the bacteria actually doing the work in your cleaning routine.,https://sanitify.co/science-of-probiotic-cleaning-how-bacillus-fermentis-works/,https://raw.githubusercontent.com/kennlend/sanitify-social-assets/main/pinterest/pins/science-of-probiotic-cleaning-how-bacillus-fermentis-works/science-of-probiotic-cleaning-how-bacillus-fermentis-works-02.png,Save This Probiotic Cleaning Checklist | Sanitify Guide,,Vertical Sanitify Pinterest graphic using home lifestyle photography with the headline: Save This Probiotic Cleaning Checklist.,,Home Microbiome and Probiotic Cleaning,,,
2026-09-03 16:30,"What to buy for laundry care, and what to skip — the brands and categories worth your money, and the ones that aren't.",https://sanitify.co/best-laundry-cleaning-products/,https://raw.githubusercontent.com/kennlend/sanitify-social-assets/main/pinterest/pins/best-laundry-cleaning-products/best-laundry-cleaning-products-03.png,What to Buy for Laundry Care — and Skip | Sanitify Guide,,Vertical Sanitify Pinterest graphic using home lifestyle photography with the headline: What to Buy for Laundry Care — and Skip.,,Cleaning Checklists Room by Room,,,
2026-09-03 19:30,"The smarter patio cleaning setup accounts for weather exposure, something most indoor cleaning products were never built for.",https://sanitify.co/outdoor-patio-cleaning-products/,https://raw.githubusercontent.com/kennlend/sanitify-social-assets/main/pinterest/pins/outdoor-patio-cleaning-products/outdoor-patio-cleaning-products-04.png,The Smarter Patio Cleaning Setup | Sanitify Guide,,Vertical Sanitify Pinterest graphic using home lifestyle photography with the headline: The Smarter Patio Cleaning Setup.,,Cleaning Checklists Room by Room,,,
2026-09-04 08:30,"20 kitchen cleaning products actually worth using against grease and grime — ranked, not just listed.",https://sanitify.co/most-effective-kitchen-cleaning-products/,https://raw.githubusercontent.com/kennlend/sanitify-social-assets/main/pinterest/pins/most-effective-kitchen-cleaning-products/most-effective-kitchen-cleaning-products-01.png,20 Effective Kitchen Cleaning Products for Grease & Grime | Sanitify Guide,,Vertical Sanitify Pinterest graphic using home lifestyle photography with the headline: 20 Effective Kitchen Cleaning Products for Grease & Grime.,,Cleaning Checklists Room by Room,,,
2026-09-04 12:30,Save this pet-safe cleaning checklist: why a chemical-free routine is essential once you have a pet in the house.,https://sanitify.co/the-importance-of-a-chemical-free-cleaning-routine-for-pet-owner/,https://raw.githubusercontent.com/kennlend/sanitify-social-assets/main/pinterest/pins/the-importance-of-a-chemical-free-cleaning-routine-for-pet-owner/the-importance-of-a-chemical-free-cleaning-routine-for-pet-owner-02.png,Save This Pet-Safe Cleaning Checklist | Sanitify Guide,,Vertical Sanitify Pinterest graphic using home lifestyle photography with the headline: Save This Pet-Safe Cleaning Checklist.,,Pet Safe Cleaning and Odor Removal,,,
2026-09-04 16:30,"What to buy for bedroom air quality, and what to skip — starting with the humidity number that controls dust mites and mold.",https://sanitify.co/bedroom-air-quality-for-better-sleep/,https://raw.githubusercontent.com/kennlend/sanitify-social-assets/main/pinterest/pins/bedroom-air-quality-for-better-sleep/bedroom-air-quality-for-better-sleep-03.png,What to Buy for Bedroom Air Quality — and Skip | Sanitify Guide,,Vertical Sanitify Pinterest graphic using home lifestyle photography with the headline: What to Buy for Bedroom Air Quality — and Skip.,,Indoor Air Quality Tips for Home,,,
2026-09-04 19:30,The smarter basement mold setup fixes moisture before touching a single surface. Cleaning first is the mistake almost everyone makes.,https://sanitify.co/basement-mold-removal-moisture-control-guide/,https://raw.githubusercontent.com/kennlend/sanitify-social-assets/main/pinterest/pins/basement-mold-removal-moisture-control-guide/basement-mold-removal-moisture-control-guide-04.png,The Smarter Basement Mold Setup | Sanitify Guide,,Vertical Sanitify Pinterest graphic using home lifestyle photography with the headline: The Smarter Basement Mold Setup.,,Mold Removal and Prevention Tips,,,
2026-09-05 08:30,15 bathroom cleaning products that actually handle scale and grime — what makes bathroom cleaning genuinely different from every other room.,https://sanitify.co/most-effective-bathroom-cleaning-products/,https://raw.githubusercontent.com/kennlend/sanitify-social-assets/main/pinterest/pins/most-effective-bathroom-cleaning-products/most-effective-bathroom-cleaning-products-01.png,15 Effective Bathroom Cleaning Products for Scale & Grime | Sanitify Guide,,Vertical Sanitify Pinterest graphic using home lifestyle photography with the headline: 15 Effective Bathroom Cleaning Products for Scale & Grime.,,Cleaning Checklists Room by Room,,,
2026-09-05 12:30,"Save this allergy-aware cleaning checklist: how probiotics support immune function, and where to start if allergies are worse indoors than out.",https://sanitify.co/what-you-need-to-know-about-probiotics-and-allergens/,https://raw.githubusercontent.com/kennlend/sanitify-social-assets/main/pinterest/pins/what-you-need-to-know-about-probiotics-and-allergens/what-you-need-to-know-about-probiotics-and-allergens-02.png,Save This Allergy-Aware Cleaning Checklist | Sanitify Guide,,Vertical Sanitify Pinterest graphic using home lifestyle photography with the headline: Save This Allergy-Aware Cleaning Checklist.,,Allergy Friendly Home Cleaning,,,
2026-09-05 16:30,"The indoor air pollutants mistake most people miss: treating dust mites, pet dander and VOCs as one problem when each needs a different fix.",https://sanitify.co/indoor-air-pollutants-dust-mites-pet-dander-vocs/,https://raw.githubusercontent.com/kennlend/sanitify-social-assets/main/pinterest/pins/indoor-air-pollutants-dust-mites-pet-dander-vocs/indoor-air-pollutants-dust-mites-pet-dander-vocs-03.png,The Indoor Air Pollutants Mistake Most People Miss | Sanitify Guide,,Vertical Sanitify Pinterest graphic using home lifestyle photography with the headline: The Indoor Air Pollutants Mistake Most People Miss.,,Allergy Friendly Home Cleaning,,,
2026-09-05 19:30,"What most probiotic vs HEPA air care guides miss: the idea of not just filtering the air, but repopulating it.",https://sanitify.co/probiotic-air-purifier-vs-hepa-only/,https://raw.githubusercontent.com/kennlend/sanitify-social-assets/main/pinterest/pins/probiotic-air-purifier-vs-hepa-only/probiotic-air-purifier-vs-hepa-only-04.png,What Most Probiotic Vs Hepa Air Care Guides Miss | Sanitify Guide,,Vertical Sanitify Pinterest graphic using home lifestyle photography with the headline: What Most Probiotic Vs Hepa Air Care Guides Miss.,,Indoor Air Quality Tips for Home,,,
2026-09-06 08:30,"A real study: what happened when researchers measured probiotic cleaning against mold, room by room, before and after.",https://sanitify.co/probiotic-cleaning-mold-reduction-study/,https://raw.githubusercontent.com/kennlend/sanitify-social-assets/main/pinterest/pins/probiotic-cleaning-mold-reduction-study/probiotic-cleaning-mold-reduction-study-01.png,Study: Probiotic Cleaning Reduces Mold | Sanitify Guide,,Vertical Sanitify Pinterest graphic using home lifestyle photography with the headline: Study: Probiotic Cleaning Reduces Mold.,,Mold Removal and Prevention Tips,,,
2026-09-06 12:30,Save this probiotic vs HEPA air care checklist: where HEPA-only filtration quietly runs out of road.,https://sanitify.co/probiotic-air-purifier-vs-hepa-only/,https://raw.githubusercontent.com/kennlend/sanitify-social-assets/main/pinterest/pins/probiotic-air-purifier-vs-hepa-only/probiotic-air-purifier-vs-hepa-only-02.png,Save This Probiotic Vs Hepa Air Care Checklist | Sanitify Guide,,Vertical Sanitify Pinterest graphic using home lifestyle photography with the headline: Save This Probiotic Vs Hepa Air Care Checklist.,,Indoor Air Quality Tips for Home,,,
2026-09-06 16:30,Probiotic cleaning: what the evidence shows about how these products behave differently from anything you've used before.,https://sanitify.co/science-of-probiotic-cleaning-how-bacillus-fermentis-works/,https://raw.githubusercontent.com/kennlend/sanitify-social-assets/main/pinterest/pins/science-of-probiotic-cleaning-how-bacillus-fermentis-works/science-of-probiotic-cleaning-how-bacillus-fermentis-works-03.png,Probiotic Cleaning: What the Evidence Shows | Sanitify Guide,,Vertical Sanitify Pinterest graphic using home lifestyle photography with the headline: Probiotic Cleaning: What the Evidence Shows.,,Home Microbiome and Probiotic Cleaning,,,
2026-09-06 19:30,"The smarter laundry care setup is built from a short, ranked list — not trial and error at the detergent aisle.",https://sanitify.co/best-laundry-cleaning-products/,https://raw.githubusercontent.com/kennlend/sanitify-social-assets/main/pinterest/pins/best-laundry-cleaning-products/best-laundry-cleaning-products-04.png,The Smarter Laundry Care Setup | Sanitify Guide,,Vertical Sanitify Pinterest graphic using home lifestyle photography with the headline: The Smarter Laundry Care Setup.,,Cleaning Checklists Room by Room,,,
2026-09-07 08:30,7 reasons probiotic cleaners are worth a second look next to chemical ones — starting with what happens to a surface after you've already left the room.,https://sanitify.co/7-reasons-why-probiotic-cleaners-are-better-than-chemical-cleaners/,https://raw.githubusercontent.com/kennlend/sanitify-social-assets/main/pinterest/pins/7-reasons-why-probiotic-cleaners-are-better-than-chemical-cleaners/7-reasons-why-probiotic-cleaners-are-better-than-chemical-cleaners-01.png,7 Reasons Probiotic Cleaners Beat Chemical Cleaners | Sanitify Guide,,Vertical Sanitify Pinterest graphic using home lifestyle photography with the headline: 7 Reasons Probiotic Cleaners Beat Chemical Cleaners.,,Natural Cleaning Tips for the Home,,,
2026-09-07 12:30,"Save this bedroom cleaning checklist: what cleaning products a bedroom actually needs, and why they matter more than they look.",https://sanitify.co/bedroom-cleaning-products/,https://raw.githubusercontent.com/kennlend/sanitify-social-assets/main/pinterest/pins/bedroom-cleaning-products/bedroom-cleaning-products-02.png,Save This Bedroom Cleaning Checklist | Sanitify Guide,,Vertical Sanitify Pinterest graphic using home lifestyle photography with the headline: Save This Bedroom Cleaning Checklist.,,Cleaning Checklists Room by Room,,,
2026-09-07 16:30,"The laundry care mistake most people miss: using the same detergent for every load regardless of fabric, soil level or water hardness.",https://sanitify.co/best-detergents-guide/,https://raw.githubusercontent.com/kennlend/sanitify-social-assets/main/pinterest/pins/best-detergents-guide/best-detergents-guide-03.png,What to Buy for Laundry Care — and Skip | Sanitify Guide,,Vertical Sanitify Pinterest graphic using home lifestyle photography with the headline: What to Buy for Laundry Care — and Skip.,,Natural Cleaning Tips for the Home,,,
2026-09-07 19:30,What most mold removal guides miss: the measured results that only show up when you actually track a specific spot over time.,https://sanitify.co/probiotic-cleaning-mold-reduction-study/,https://raw.githubusercontent.com/kennlend/sanitify-social-assets/main/pinterest/pins/probiotic-cleaning-mold-reduction-study/probiotic-cleaning-mold-reduction-study-04.png,What Most Mold Removal Guides Miss | Sanitify Guide,,Vertical Sanitify Pinterest graphic using home lifestyle photography with the headline: What Most Mold Removal Guides Miss.,,Mold Removal and Prevention Tips,,,
2026-09-08 08:30,"Probiotic air purifier vs HEPA-only: what actually cleans the air, starting with what a HEPA filter is genuinely good at.",https://sanitify.co/probiotic-air-purifier-vs-hepa-only/,https://raw.githubusercontent.com/kennlend/sanitify-social-assets/main/pinterest/pins/probiotic-air-purifier-vs-hepa-only/probiotic-air-purifier-vs-hepa-only-01.png,Probiotic Air Purifier vs HEPA-Only: What Actually Cleans Air | Sanitify Guide,,Vertical Sanitify Pinterest graphic using home lifestyle photography with the headline: Probiotic Air Purifier vs HEPA-Only: What Actually Cleans Air.,,Indoor Air Quality Tips for Home,,,
2026-09-08 12:30,"Save this eco-friendly cleaning checklist: the top reasons to switch, ranked by what actually matters for a real household.",https://sanitify.co/top-5-eco-friendly-cleaning-products-you-need-in-your-home/,https://raw.githubusercontent.com/kennlend/sanitify-social-assets/main/pinterest/pins/top-5-eco-friendly-cleaning-products-you-need-in-your-home/top-5-eco-friendly-cleaning-products-you-need-in-your-home-02.png,Save This Eco-Friendly Cleaning Checklist | Sanitify Guide,,Vertical Sanitify Pinterest graphic using home lifestyle photography with the headline: Save This Eco-Friendly Cleaning Checklist.,,Natural Cleaning Tips for the Home,,,
2026-09-08 16:30,"What to buy for basement mold, and what to skip — starting with knowing what to keep and what to throw out first.",https://sanitify.co/basement-mold-removal-moisture-control-guide/,https://raw.githubusercontent.com/kennlend/sanitify-social-assets/main/pinterest/pins/basement-mold-removal-moisture-control-guide/basement-mold-removal-moisture-control-guide-03.png,What to Buy for Basement Mold — and Skip | Sanitify Guide,,Vertical Sanitify Pinterest graphic using home lifestyle photography with the headline: What to Buy for Basement Mold — and Skip.,,Mold Removal and Prevention Tips,,,
2026-09-08 19:30,What most probiotic cleaning guides miss: the science behind Bacillus fermentis that explains why it keeps working after you've left the room.,https://sanitify.co/science-of-probiotic-cleaning-how-bacillus-fermentis-works/,https://raw.githubusercontent.com/kennlend/sanitify-social-assets/main/pinterest/pins/science-of-probiotic-cleaning-how-bacillus-fermentis-works/science-of-probiotic-cleaning-how-bacillus-fermentis-works-04.png,What Most Probiotic Cleaning Guides Miss | Sanitify Guide,,Vertical Sanitify Pinterest graphic using home lifestyle photography with the headline: What Most Probiotic Cleaning Guides Miss.,,Home Microbiome and Probiotic Cleaning,,,
2026-09-09 08:30,"Basement mold removal: the moisture-first guide, starting with why basements grow mold that other rooms simply don't.",https://sanitify.co/basement-mold-removal-moisture-control-guide/,https://raw.githubusercontent.com/kennlend/sanitify-social-assets/main/pinterest/pins/basement-mold-removal-moisture-control-guide/basement-mold-removal-moisture-control-guide-01.png,Basement Mold Removal: The Moisture-First Guide | Sanitify Guide,,Vertical Sanitify Pinterest graphic using home lifestyle photography with the headline: Basement Mold Removal: The Moisture-First Guide.,,Mold Removal and Prevention Tips,,,
2026-09-09 12:30,Save this whole-home cleaning checklist: what counts as an actual house cleaning supply versus what's just taking up cabinet space.,https://sanitify.co/house-cleaning-supplies-guide/,https://raw.githubusercontent.com/kennlend/sanitify-social-assets/main/pinterest/pins/house-cleaning-supplies-guide/house-cleaning-supplies-guide-02.png,Save This Whole-Home Cleaning Checklist | Sanitify Guide,,Vertical Sanitify Pinterest graphic using home lifestyle photography with the headline: Save This Whole-Home Cleaning Checklist.,,Natural Cleaning Tips for the Home,,,
2026-09-09 16:30,The allergy-aware cleaning mistake most people miss: treating every allergen the same way when the source and the fix are often completely different.,https://sanitify.co/what-you-need-to-know-about-probiotics-and-allergens/,https://raw.githubusercontent.com/kennlend/sanitify-social-assets/main/pinterest/pins/what-you-need-to-know-about-probiotics-and-allergens/what-you-need-to-know-about-probiotics-and-allergens-03.png,The Allergy-Aware Cleaning Mistake Most People Miss | Sanitify Guide,,Vertical Sanitify Pinterest graphic using home lifestyle photography with the headline: The Allergy-Aware Cleaning Mistake Most People Miss.,,Allergy Friendly Home Cleaning,,,
2026-09-09 19:30,"The smarter bathroom cleaning setup accounts for humidity and hard water, the two things that make this room different from the rest of the house.",https://sanitify.co/most-effective-bathroom-cleaning-products/,https://raw.githubusercontent.com/kennlend/sanitify-social-assets/main/pinterest/pins/most-effective-bathroom-cleaning-products/most-effective-bathroom-cleaning-products-04.png,The Smarter Bathroom Cleaning Setup | Sanitify Guide,,Vertical Sanitify Pinterest graphic using home lifestyle photography with the headline: The Smarter Bathroom Cleaning Setup.,,Cleaning Checklists Room by Room,,,
2026-09-10 08:30,Natural mold removal without bleach or toxic chemicals — starting with why mold grows in your home in the first place.,https://sanitify.co/natural-mold-removal-without-bleach-toxic-chemicals/,https://raw.githubusercontent.com/kennlend/sanitify-social-assets/main/pinterest/pins/natural-mold-removal-without-bleach-toxic-chemicals/natural-mold-removal-without-bleach-toxic-chemicals-01.png,Natural Mold Removal: Without Bleach or Toxic Chemicals | Sanitify Guide,,Vertical Sanitify Pinterest graphic using home lifestyle photography with the headline: Natural Mold Removal: Without Bleach or Toxic Chemicals.,,Mold Removal and Prevention Tips,,,
2026-09-10 12:30,Save this laundry care checklist: how to choose laundry cleaning products without defaulting to whatever's on sale.,https://sanitify.co/best-laundry-cleaning-products/,https://raw.githubusercontent.com/kennlend/sanitify-social-assets/main/pinterest/pins/best-laundry-cleaning-products/best-laundry-cleaning-products-02.png,Save This Laundry Care Checklist | Sanitify Guide,,Vertical Sanitify Pinterest graphic using home lifestyle photography with the headline: Save This Laundry Care Checklist.,,Cleaning Checklists Room by Room,,,
2026-09-10 16:30,The mold removal mistake most people miss: killing the visible spot while leaving the moisture source that grew it untouched. It comes back for a reason.,https://sanitify.co/how-to-safely-get-rid-of-mold-using-natural-cleaning-products/,https://raw.githubusercontent.com/kennlend/sanitify-social-assets/main/pinterest/pins/how-to-safely-get-rid-of-mold-using-natural-cleaning-products/how-to-safely-get-rid-of-mold-using-natural-cleaning-products-03.png,The Mold Removal Mistake Most People Miss | Sanitify Guide,,Vertical Sanitify Pinterest graphic using home lifestyle photography with the headline: The Mold Removal Mistake Most People Miss.,,Mold Removal and Prevention Tips,,,
2026-09-10 19:30,"A smarter allergy-aware cleaning routine is built around what to look for on a label, not how many products are in the cabinet.",https://sanitify.co/protect-your-family-from-allergies-cleaning-tips-for-allergy-sufferers/,https://raw.githubusercontent.com/kennlend/sanitify-social-assets/main/pinterest/pins/protect-your-family-from-allergies-cleaning-tips-for-allergy-sufferers/protect-your-family-from-allergies-cleaning-tips-for-allergy-sufferers-04.png,A Smarter Allergy-Aware Cleaning Routine | Sanitify Guide,,Vertical Sanitify Pinterest graphic using home lifestyle photography with the headline: A Smarter Allergy-Aware Cleaning Routine.,,Allergy Friendly Home Cleaning,,,
2026-09-11 08:30,"What is probiotic cleaning, really? The core concept behind Bacillus fermentis, explained without the jargon.",https://sanitify.co/science-of-probiotic-cleaning-how-bacillus-fermentis-works/,https://raw.githubusercontent.com/kennlend/sanitify-social-assets/main/pinterest/pins/science-of-probiotic-cleaning-how-bacillus-fermentis-works/science-of-probiotic-cleaning-how-bacillus-fermentis-works-01.png,How Probiotic Cleaners Work: The Science | Sanitify Guide,,Vertical Sanitify Pinterest graphic using home lifestyle photography with the headline: How Probiotic Cleaners Work: The Science.,,Home Microbiome and Probiotic Cleaning,,,
2026-09-11 12:30,Save this bedroom air quality checklist: the 3 real bedroom allergens worth knowing — not just 'dust' in general.,https://sanitify.co/bedroom-air-quality-for-better-sleep/,https://raw.githubusercontent.com/kennlend/sanitify-social-assets/main/pinterest/pins/bedroom-air-quality-for-better-sleep/bedroom-air-quality-for-better-sleep-02.png,Save This Bedroom Air Quality Checklist | Sanitify Guide,,Vertical Sanitify Pinterest graphic using home lifestyle photography with the headline: Save This Bedroom Air Quality Checklist.,,Indoor Air Quality Tips for Home,,,
2026-09-11 16:30,"The probiotic vs chemical cleaning mistake most people miss: judging a cleaner only by how it smells in the moment it's used, not what it leaves behind.",https://sanitify.co/7-reasons-why-probiotic-cleaners-are-better-than-chemical-cleaners/,https://raw.githubusercontent.com/kennlend/sanitify-social-assets/main/pinterest/pins/7-reasons-why-probiotic-cleaners-are-better-than-chemical-cleaners/7-reasons-why-probiotic-cleaners-are-better-than-chemical-cleaners-03.png,The Probiotic Vs Chemical Cleaning Mistake Most People… | Sanitify Guide,,Vertical Sanitify Pinterest graphic using home lifestyle photography with the headline: The Probiotic Vs Chemical Cleaning Mistake Most People….,,Natural Cleaning Tips for the Home,,,
2026-09-11 19:30,"The smarter garage and utility cleaning setup handles oil, dust and grime without needing a dozen specialty products.",https://sanitify.co/garage-utility-cleaning-products/,https://raw.githubusercontent.com/kennlend/sanitify-social-assets/main/pinterest/pins/garage-utility-cleaning-products/garage-utility-cleaning-products-04.png,The Smarter Garage And Utility Cleaning Setup | Sanitify Guide,,Vertical Sanitify Pinterest graphic using home lifestyle photography with the headline: The Smarter Garage And Utility Cleaning Setup.,,Cleaning Checklists Room by Room,,,
2026-09-12 08:30,"Chemical-free cleaning for pet owners isn't optional — it's about what your pet is actually exposed to at nose and paw level, every single day.",https://sanitify.co/the-importance-of-a-chemical-free-cleaning-routine-for-pet-owner/,https://raw.githubusercontent.com/kennlend/sanitify-social-assets/main/pinterest/pins/the-importance-of-a-chemical-free-cleaning-routine-for-pet-owner/the-importance-of-a-chemical-free-cleaning-routine-for-pet-owner-01.png,Chemical-Free Cleaning for Pet Owners | Sanitify Guide,,Vertical Sanitify Pinterest graphic using home lifestyle photography with the headline: Chemical-Free Cleaning for Pet Owners.,,Pet Safe Cleaning and Odor Removal,,,
2026-09-12 12:30,Save this kitchen cleaning checklist: how to choose kitchen cleaning products without building a bottle museum under your sink.,https://sanitify.co/most-effective-kitchen-cleaning-products/,https://raw.githubusercontent.com/kennlend/sanitify-social-assets/main/pinterest/pins/most-effective-kitchen-cleaning-products/most-effective-kitchen-cleaning-products-02.png,Save This Kitchen Cleaning Checklist | Sanitify Guide,,Vertical Sanitify Pinterest graphic using home lifestyle photography with the headline: Save This Kitchen Cleaning Checklist.,,Cleaning Checklists Room by Room,,,
2026-09-12 16:30,The chemical-free cleaning mistake most people miss: assuming a stronger smell means a cleaner surface. Often it means the opposite.,https://sanitify.co/the-hidden-dangers-of-chemical-cleaners-and-what-to-use-instead/,https://raw.githubusercontent.com/kennlend/sanitify-social-assets/main/pinterest/pins/the-hidden-dangers-of-chemical-cleaners-and-what-to-use-instead/the-hidden-dangers-of-chemical-cleaners-and-what-to-use-instead-03.png,The Chemical-Free Cleaning Mistake Most People Miss | Sanitify Guide,,Vertical Sanitify Pinterest graphic using home lifestyle photography with the headline: The Chemical-Free Cleaning Mistake Most People Miss.,,Natural Cleaning Tips for the Home,,,
2026-09-12 19:30,"A smarter wall and ceiling mold routine follows a gentle, step-by-step removal method built for painted surfaces specifically.",https://sanitify.co/remove-mold-from-walls-and-ceilings/,https://raw.githubusercontent.com/kennlend/sanitify-social-assets/main/pinterest/pins/remove-mold-from-walls-and-ceilings/remove-mold-from-walls-and-ceilings-04.png,A Smarter Wall And Ceiling Mold Routine | Sanitify Guide,,Vertical Sanitify Pinterest graphic using home lifestyle photography with the headline: A Smarter Wall And Ceiling Mold Routine.,,Mold Removal and Prevention Tips,,,
2026-09-13 08:30,"The best garage and utility cleaning products, and the safety basics worth knowing before you start.",https://sanitify.co/garage-utility-cleaning-products/,https://raw.githubusercontent.com/kennlend/sanitify-social-assets/main/pinterest/pins/garage-utility-cleaning-products/garage-utility-cleaning-products-01.png,Best Garage and Utility Cleaning Products | Sanitify Guide,,Vertical Sanitify Pinterest graphic using home lifestyle photography with the headline: Best Garage and Utility Cleaning Products.,,Cleaning Checklists Room by Room,,,
2026-09-13 12:30,Save this bathroom mold checklist: the one number that decides almost everything in a mold-prone bathroom — humidity.,https://sanitify.co/bathroom-mold-prevention/,https://raw.githubusercontent.com/kennlend/sanitify-social-assets/main/pinterest/pins/bathroom-mold-prevention/bathroom-mold-prevention-02.png,Save This Bathroom Mold Checklist | Sanitify Guide,,Vertical Sanitify Pinterest graphic using home lifestyle photography with the headline: Save This Bathroom Mold Checklist.,,Mold Removal and Prevention Tips,,,
2026-09-13 16:30,"What to buy for living-room cleaning, and what to skip — what makes these products actually effective in a high-traffic room.",https://sanitify.co/living-room-cleaning-products/,https://raw.githubusercontent.com/kennlend/sanitify-social-assets/main/pinterest/pins/living-room-cleaning-products/living-room-cleaning-products-03.png,What to Buy for Living-Room Cleaning — and Skip | Sanitify Guide,,Vertical Sanitify Pinterest graphic using home lifestyle photography with the headline: What to Buy for Living-Room Cleaning — and Skip.,,Cleaning Checklists Room by Room,,,
2026-09-13 19:30,"A smarter indoor air pollutants routine tackles enemy #2 — pet dander — with a plan built for it specifically, not a generic air freshener.",https://sanitify.co/indoor-air-pollutants-dust-mites-pet-dander-vocs/,https://raw.githubusercontent.com/kennlend/sanitify-social-assets/main/pinterest/pins/indoor-air-pollutants-dust-mites-pet-dander-vocs/indoor-air-pollutants-dust-mites-pet-dander-vocs-04.png,A Smarter Indoor Air Pollutants Routine | Sanitify Guide,,Vertical Sanitify Pinterest graphic using home lifestyle photography with the headline: A Smarter Indoor Air Pollutants Routine.,,Allergy Friendly Home Cleaning,,,
2026-09-14 08:30,Bathroom mold prevention that actually works — why bathroom mold keeps coming back even when you clean it regularly.,https://sanitify.co/bathroom-mold-prevention/,https://raw.githubusercontent.com/kennlend/sanitify-social-assets/main/pinterest/pins/bathroom-mold-prevention/bathroom-mold-prevention-01.png,Bathroom Mold Prevention That Actually Works | Sanitify Guide,,Vertical Sanitify Pinterest graphic using home lifestyle photography with the headline: Bathroom Mold Prevention That Actually Works.,,Mold Removal and Prevention Tips,,,
2026-09-14 12:30,"Save this mold removal checklist: the natural ingredients that actually pack a punch against mold, without the fumes.",https://sanitify.co/how-to-safely-get-rid-of-mold-using-natural-cleaning-products/,https://raw.githubusercontent.com/kennlend/sanitify-social-assets/main/pinterest/pins/how-to-safely-get-rid-of-mold-using-natural-cleaning-products/how-to-safely-get-rid-of-mold-using-natural-cleaning-products-02.png,Save This Mold Removal Checklist | Sanitify Guide,,Vertical Sanitify Pinterest graphic using home lifestyle photography with the headline: Save This Mold Removal Checklist.,,Mold Removal and Prevention Tips,,,
2026-09-14 16:30,The eco-friendly cleaning mistake most people miss: buying 'green' products without checking what's actually inside them.,https://sanitify.co/top-5-eco-friendly-cleaning-products-you-need-in-your-home/,https://raw.githubusercontent.com/kennlend/sanitify-social-assets/main/pinterest/pins/top-5-eco-friendly-cleaning-products-you-need-in-your-home/top-5-eco-friendly-cleaning-products-you-need-in-your-home-03.png,What to Buy for Eco-Friendly Cleaning — and Skip | Sanitify Guide,,Vertical Sanitify Pinterest graphic using home lifestyle photography with the headline: What to Buy for Eco-Friendly Cleaning — and Skip.,,Natural Cleaning Tips for the Home,,,
2026-09-14 19:30,"The smarter chemical-free cleaning setup uses fewer bottles, not more. What actually cleans, and what's just sitting under your sink unused.",https://sanitify.co/the-best-eco-friendly-cleaning-solutions-for-a-chemical-free-home/,https://raw.githubusercontent.com/kennlend/sanitify-social-assets/main/pinterest/pins/the-best-eco-friendly-cleaning-solutions-for-a-chemical-free-home/the-best-eco-friendly-cleaning-solutions-for-a-chemical-free-home-04.png,The Smarter Chemical-Free Cleaning Setup | Sanitify Guide,,Vertical Sanitify Pinterest graphic using home lifestyle photography with the headline: The Smarter Chemical-Free Cleaning Setup.,,Natural Cleaning Tips for the Home,,,
2026-09-15 08:30,"What house cleaning supplies do you actually need? The quick answer, before the full room-by-room guide.",https://sanitify.co/house-cleaning-supplies-guide/,https://raw.githubusercontent.com/kennlend/sanitify-social-assets/main/pinterest/pins/house-cleaning-supplies-guide/house-cleaning-supplies-guide-01.png,House Cleaning Supplies: Complete Practical Guide | Sanitify Guide,,Vertical Sanitify Pinterest graphic using home lifestyle photography with the headline: House Cleaning Supplies: Complete Practical Guide.,,Natural Cleaning Tips for the Home,,,
2026-09-15 12:30,"Save this chemical-free cleaning checklist: which everyday products to question first, and what to replace them with.",https://sanitify.co/the-hidden-dangers-of-chemical-cleaners-and-what-to-use-instead/,https://raw.githubusercontent.com/kennlend/sanitify-social-assets/main/pinterest/pins/the-hidden-dangers-of-chemical-cleaners-and-what-to-use-instead/the-hidden-dangers-of-chemical-cleaners-and-what-to-use-instead-02.png,Save This Chemical-Free Cleaning Checklist | Sanitify Guide,,Vertical Sanitify Pinterest graphic using home lifestyle photography with the headline: Save This Chemical-Free Cleaning Checklist.,,Natural Cleaning Tips for the Home,,,
2026-09-15 16:30,The mold removal mistake most people miss: reaching for bleach first. Here's why that's often the wrong move entirely.,https://sanitify.co/natural-mold-removal-without-bleach-toxic-chemicals/,https://raw.githubusercontent.com/kennlend/sanitify-social-assets/main/pinterest/pins/natural-mold-removal-without-bleach-toxic-chemicals/natural-mold-removal-without-bleach-toxic-chemicals-03.png,The Mold Removal Mistake Most People Miss | Sanitify Guide,,Vertical Sanitify Pinterest graphic using home lifestyle photography with the headline: The Mold Removal Mistake Most People Miss.,,Mold Removal and Prevention Tips,,,
2026-09-15 19:30,The smarter entryway cleaning setup stops mess at the door instead of chasing it through the rest of the house.,https://sanitify.co/entryway-cleaning-products/,https://raw.githubusercontent.com/kennlend/sanitify-social-assets/main/pinterest/pins/entryway-cleaning-products/entryway-cleaning-products-04.png,The Smarter Entryway Cleaning Setup | Sanitify Guide,,Vertical Sanitify Pinterest graphic using home lifestyle photography with the headline: The Smarter Entryway Cleaning Setup.,,Cleaning Checklists Room by Room,,,
2026-09-16 08:30,10 outdoor patio cleaning products for decks and BBQs — how outdoor dirt is genuinely different from indoor mess.,https://sanitify.co/outdoor-patio-cleaning-products/,https://raw.githubusercontent.com/kennlend/sanitify-social-assets/main/pinterest/pins/outdoor-patio-cleaning-products/outdoor-patio-cleaning-products-01.png,10 Best Outdoor Patio Cleaning Products for Decks and BBQs | Sanitify Guide,,Vertical Sanitify Pinterest graphic using home lifestyle photography with the headline: 10 Best Outdoor Patio Cleaning Products for Decks and BBQs.,,Cleaning Checklists Room by Room,,,
2026-09-16 12:30,"Save this home microbiome checklist: the everyday habits that quietly shift your home's microbial balance, for better or worse.",https://sanitify.co/why-a-balanced-home-microbiome-is-crucial-for-your-familys-health/,https://raw.githubusercontent.com/kennlend/sanitify-social-assets/main/pinterest/pins/why-a-balanced-home-microbiome-is-crucial-for-your-familys-health/why-a-balanced-home-microbiome-is-crucial-for-your-familys-health-02.png,Save This Home Microbiome Checklist | Sanitify Guide,,Vertical Sanitify Pinterest graphic using home lifestyle photography with the headline: Save This Home Microbiome Checklist.,,Home Microbiome and Probiotic Cleaning,,,
2026-09-16 16:30,The indoor air quality mistake most people miss: opening a window occasionally instead of addressing what's actually generating the problem.,https://sanitify.co/the-air-you-breathe-the-invisible-home-threats-and-how-to-solve-them/,https://raw.githubusercontent.com/kennlend/sanitify-social-assets/main/pinterest/pins/the-air-you-breathe-the-invisible-home-threats-and-how-to-solve-them/the-air-you-breathe-the-invisible-home-threats-and-how-to-solve-them-03.png,The Indoor Air Quality Mistake Most People Miss | Sanitify Guide,,Vertical Sanitify Pinterest graphic using home lifestyle photography with the headline: The Indoor Air Quality Mistake Most People Miss.,,Indoor Air Quality Tips for Home,,,
2026-09-16 19:30,A smarter allergy-aware cleaning routine integrates probiotics into your daily habits instead of adding another separate step. Here's how.,https://sanitify.co/what-you-need-to-know-about-probiotics-and-allergens/,https://raw.githubusercontent.com/kennlend/sanitify-social-assets/main/pinterest/pins/what-you-need-to-know-about-probiotics-and-allergens/what-you-need-to-know-about-probiotics-and-allergens-04.png,A Smarter Allergy-Aware Cleaning Routine | Sanitify Guide,,Vertical Sanitify Pinterest graphic using home lifestyle photography with the headline: A Smarter Allergy-Aware Cleaning Routine.,,Allergy Friendly Home Cleaning,,,
2026-09-17 08:30,"Probiotic vs chemical cleaning: the science of how each one actually works on a surface, side by side.",https://sanitify.co/probiotic-cleaning-vs-chemical-disinfectants-scientific-comparison/,https://raw.githubusercontent.com/kennlend/sanitify-social-assets/main/pinterest/pins/probiotic-cleaning-vs-chemical-disinfectants-scientific-comparison/probiotic-cleaning-vs-chemical-disinfectants-scientific-comparison-01.png,Probiotic vs Chemical Cleaning: The Science | Sanitify Guide,,Vertical Sanitify Pinterest graphic using home lifestyle photography with the headline: Probiotic vs Chemical Cleaning: The Science.,,Home Microbiome and Probiotic Cleaning,,,
2026-09-17 12:30,Save this basement mold checklist: how to find the actual moisture source before you clean anything at all.,https://sanitify.co/basement-mold-removal-moisture-control-guide/,https://raw.githubusercontent.com/kennlend/sanitify-social-assets/main/pinterest/pins/basement-mold-removal-moisture-control-guide/basement-mold-removal-moisture-control-guide-02.png,Save This Basement Mold Checklist | Sanitify Guide,,Vertical Sanitify Pinterest graphic using home lifestyle photography with the headline: Save This Basement Mold Checklist.,,Mold Removal and Prevention Tips,,,
2026-09-17 16:30,Probiotic vs HEPA air care: what the evidence shows once you look past filtration alone.,https://sanitify.co/probiotic-air-purifier-vs-hepa-only/,https://raw.githubusercontent.com/kennlend/sanitify-social-assets/main/pinterest/pins/probiotic-air-purifier-vs-hepa-only/probiotic-air-purifier-vs-hepa-only-03.png,Probiotic Vs Hepa Air Care: What the Evidence Shows | Sanitify Guide,,Vertical Sanitify Pinterest graphic using home lifestyle photography with the headline: Probiotic Vs Hepa Air Care: What the Evidence Shows.,,Indoor Air Quality Tips for Home,,,
2026-09-17 19:30,A smarter probiotic vs chemical cleaning routine chooses nature over chemicals where it actually makes a measurable difference. Here's where that is.,https://sanitify.co/7-reasons-why-probiotic-cleaners-are-better-than-chemical-cleaners/,https://raw.githubusercontent.com/kennlend/sanitify-social-assets/main/pinterest/pins/7-reasons-why-probiotic-cleaners-are-better-than-chemical-cleaners/7-reasons-why-probiotic-cleaners-are-better-than-chemical-cleaners-04.png,A Smarter Probiotic Vs Chemical Cleaning Routine | Sanitify Guide,,Vertical Sanitify Pinterest graphic using home lifestyle photography with the headline: A Smarter Probiotic Vs Chemical Cleaning Routine.,,Natural Cleaning Tips for the Home,,,
2026-09-18 08:30,Allergy-proof cleaning for the whole family isn't about one miracle product — it's about removing what's actually triggering reactions. Start here.,https://sanitify.co/protect-your-family-from-allergies-cleaning-tips-for-allergy-sufferers/,https://raw.githubusercontent.com/kennlend/sanitify-social-assets/main/pinterest/pins/protect-your-family-from-allergies-cleaning-tips-for-allergy-sufferers/protect-your-family-from-allergies-cleaning-tips-for-allergy-sufferers-01.png,Allergy-Proof Cleaning Tips for the Whole Family | Sanitify Guide,,Vertical Sanitify Pinterest graphic using home lifestyle photography with the headline: Allergy-Proof Cleaning Tips for the Whole Family.,,Allergy Friendly Home Cleaning,,,
2026-09-18 12:30,"Save this indoor air quality checklist: what actually changes when you clean with a living culture instead of a one-and-done spray, and what to check in your own home first.",https://sanitify.co/can-probiotic-bacillus-ferment-cleaners-improve-home-air-quality/,https://raw.githubusercontent.com/kennlend/sanitify-social-assets/main/pinterest/pins/can-probiotic-bacillus-ferment-cleaners-improve-home-air-quality/can-probiotic-bacillus-ferment-cleaners-improve-home-air-quality-02.png,Save This Indoor Air Quality Checklist | Sanitify Guide,,Vertical Sanitify Pinterest graphic using home lifestyle photography with the headline: Save This Indoor Air Quality Checklist.,,Indoor Air Quality Tips for Home,,,
2026-09-18 16:30,"What to buy for bedroom cleaning, and what to skip — the specific products worth having for dust and allergens where you sleep.",https://sanitify.co/bedroom-cleaning-products/,https://raw.githubusercontent.com/kennlend/sanitify-social-assets/main/pinterest/pins/bedroom-cleaning-products/bedroom-cleaning-products-03.png,What to Buy for Bedroom Cleaning — and Skip | Sanitify Guide,,Vertical Sanitify Pinterest graphic using home lifestyle photography with the headline: What to Buy for Bedroom Cleaning — and Skip.,,Cleaning Checklists Room by Room,,,
2026-09-18 19:30,"What most probiotic vs chemical cleaning guides miss: the comparison rarely accounts for what happens hours after cleaning, not just during it.",https://sanitify.co/probiotic-cleaning-vs-chemical-disinfectants-scientific-comparison/,https://raw.githubusercontent.com/kennlend/sanitify-social-assets/main/pinterest/pins/probiotic-cleaning-vs-chemical-disinfectants-scientific-comparison/probiotic-cleaning-vs-chemical-disinfectants-scientific-comparison-04.png,What Most Probiotic Vs Chemical Cleaning Guides Miss | Sanitify Guide,,Vertical Sanitify Pinterest graphic using home lifestyle photography with the headline: What Most Probiotic Vs Chemical Cleaning Guides Miss.,,Home Microbiome and Probiotic Cleaning,,,
2026-09-19 08:30,"12 living room cleaning products that actually make a fresher home — what you need, and what's redundant.",https://sanitify.co/living-room-cleaning-products/,https://raw.githubusercontent.com/kennlend/sanitify-social-assets/main/pinterest/pins/living-room-cleaning-products/living-room-cleaning-products-01.png,12 Best Living Room Cleaning Products for a Fresher Home | Sanitify Guide,,Vertical Sanitify Pinterest graphic using home lifestyle photography with the headline: 12 Best Living Room Cleaning Products for a Fresher Home.,,Cleaning Checklists Room by Room,,,
2026-09-19 12:30,Save this bathroom cleaning checklist: the quick answer on best bathroom cleaning products before you buy anything new.,https://sanitify.co/most-effective-bathroom-cleaning-products/,https://raw.githubusercontent.com/kennlend/sanitify-social-assets/main/pinterest/pins/most-effective-bathroom-cleaning-products/most-effective-bathroom-cleaning-products-02.png,Save This Bathroom Cleaning Checklist | Sanitify Guide,,Vertical Sanitify Pinterest graphic using home lifestyle photography with the headline: Save This Bathroom Cleaning Checklist.,,Cleaning Checklists Room by Room,,,
2026-09-19 16:30,Mold removal: what the evidence shows about the gap between capturing spores in the air and actually stopping mold on your walls.,https://sanitify.co/air-purifier-for-mold-spores/,https://raw.githubusercontent.com/kennlend/sanitify-social-assets/main/pinterest/pins/air-purifier-for-mold-spores/air-purifier-for-mold-spores-03.png,Mold Removal: What the Evidence Shows | Sanitify Guide,,Vertical Sanitify Pinterest graphic using home lifestyle photography with the headline: Mold Removal: What the Evidence Shows.,,Mold Removal and Prevention Tips,,,
2026-09-19 19:30,"What most mold removal guides miss: an air purifier alone closes the airborne half of the problem, not the surface half.",https://sanitify.co/air-purifier-for-mold-spores/,https://raw.githubusercontent.com/kennlend/sanitify-social-assets/main/pinterest/pins/air-purifier-for-mold-spores/air-purifier-for-mold-spores-04.png,What Most Mold Removal Guides Miss | Sanitify Guide,,Vertical Sanitify Pinterest graphic using home lifestyle photography with the headline: What Most Mold Removal Guides Miss.,,Mold Removal and Prevention Tips,,,
2026-09-20 08:30,"Air purifier for mold: what actually works, starting with what mold spores are and why their size matters for filtration.",https://sanitify.co/air-purifier-for-mold-spores/,https://raw.githubusercontent.com/kennlend/sanitify-social-assets/main/pinterest/pins/air-purifier-for-mold-spores/air-purifier-for-mold-spores-01.png,Air Purifier for Mold: What Actually Works | Sanitify Guide,,Vertical Sanitify Pinterest graphic using home lifestyle photography with the headline: Air Purifier for Mold: What Actually Works.,,Mold Removal and Prevention Tips,,,
2026-09-20 12:30,Save this probiotic vs chemical cleaning checklist: the hidden power of probiotic cleaners chemical sprays simply don't have.,https://sanitify.co/7-reasons-why-probiotic-cleaners-are-better-than-chemical-cleaners/,https://raw.githubusercontent.com/kennlend/sanitify-social-assets/main/pinterest/pins/7-reasons-why-probiotic-cleaners-are-better-than-chemical-cleaners/7-reasons-why-probiotic-cleaners-are-better-than-chemical-cleaners-02.png,Save This Probiotic Vs Chemical Cleaning Checklist | Sanitify Guide,,Vertical Sanitify Pinterest graphic using home lifestyle photography with the headline: Save This Probiotic Vs Chemical Cleaning Checklist.,,Natural Cleaning Tips for the Home,,,
2026-09-20 16:30,"Probiotic vs chemical cleaning: what the evidence shows in a genuine head-to-head comparison, not a marketing one.",https://sanitify.co/probiotic-cleaning-vs-chemical-disinfectants-scientific-comparison/,https://raw.githubusercontent.com/kennlend/sanitify-social-assets/main/pinterest/pins/probiotic-cleaning-vs-chemical-disinfectants-scientific-comparison/probiotic-cleaning-vs-chemical-disinfectants-scientific-comparison-03.png,Probiotic Vs Chemical Cleaning: What the Evidence Shows | Sanitify Guide,,Vertical Sanitify Pinterest graphic using home lifestyle photography with the headline: Probiotic Vs Chemical Cleaning: What the Evidence Shows.,,Home Microbiome and Probiotic Cleaning,,,
2026-09-20 19:30,"The smarter bedroom air quality setup targets the specific allergens actually in your bedroom, not a generic air-quality checklist.",https://sanitify.co/bedroom-air-quality-for-better-sleep/,https://raw.githubusercontent.com/kennlend/sanitify-social-assets/main/pinterest/pins/bedroom-air-quality-for-better-sleep/bedroom-air-quality-for-better-sleep-04.png,The Smarter Bedroom Air Quality Setup | Sanitify Guide,,Vertical Sanitify Pinterest graphic using home lifestyle photography with the headline: The Smarter Bedroom Air Quality Setup.,,Indoor Air Quality Tips for Home,,,
2026-09-21 08:30,"Bedroom air quality for better sleep: an allergy guide for the room where allergies quietly hit hardest, every night.",https://sanitify.co/bedroom-air-quality-for-better-sleep/,https://raw.githubusercontent.com/kennlend/sanitify-social-assets/main/pinterest/pins/bedroom-air-quality-for-better-sleep/bedroom-air-quality-for-better-sleep-01.png,Bedroom Air Quality for Better Sleep: Allergy Guide | Sanitify Guide,,Vertical Sanitify Pinterest graphic using home lifestyle photography with the headline: Bedroom Air Quality for Better Sleep: Allergy Guide.,,Indoor Air Quality Tips for Home,,,
2026-09-21 12:30,"Save this mold removal checklist: the 5 most common causes of indoor mold, so you can fix the source, not just the symptom.",https://sanitify.co/natural-mold-removal-without-bleach-toxic-chemicals/,https://raw.githubusercontent.com/kennlend/sanitify-social-assets/main/pinterest/pins/natural-mold-removal-without-bleach-toxic-chemicals/natural-mold-removal-without-bleach-toxic-chemicals-02.png,Save This Mold Removal Checklist | Sanitify Guide,,Vertical Sanitify Pinterest graphic using home lifestyle photography with the headline: Save This Mold Removal Checklist.,,Mold Removal and Prevention Tips,,,
2026-09-21 16:30,The indoor air quality mistake most people miss: focusing only on what's airborne while ignoring what recolonizes surfaces within hours of cleaning them. Here's the fix.,https://sanitify.co/can-probiotic-bacillus-ferment-cleaners-improve-home-air-quality/,https://raw.githubusercontent.com/kennlend/sanitify-social-assets/main/pinterest/pins/can-probiotic-bacillus-ferment-cleaners-improve-home-air-quality/can-probiotic-bacillus-ferment-cleaners-improve-home-air-quality-03.png,The Indoor Air Quality Mistake Most People Miss | Sanitify Guide,,Vertical Sanitify Pinterest graphic using home lifestyle photography with the headline: The Indoor Air Quality Mistake Most People Miss.,,Indoor Air Quality Tips for Home,,,
2026-09-21 19:30,"A smarter indoor air quality routine doesn't fight the air, it manages what's already growing in the room. What you didn't know about probiotics and your home environment, explained.",https://sanitify.co/can-probiotic-bacillus-ferment-cleaners-improve-home-air-quality/,https://raw.githubusercontent.com/kennlend/sanitify-social-assets/main/pinterest/pins/can-probiotic-bacillus-ferment-cleaners-improve-home-air-quality/can-probiotic-bacillus-ferment-cleaners-improve-home-air-quality-04.png,A Smarter Indoor Air Quality Routine | Sanitify Guide,,Vertical Sanitify Pinterest graphic using home lifestyle photography with the headline: A Smarter Indoor Air Quality Routine.,,Indoor Air Quality Tips for Home,,,
2026-09-22 08:30,"Indoor air quality starts with what is already living on your surfaces, not just what is floating in the air. Bacillus ferment cleaning works with that idea instead of against it. Open the guide for how it actually works.",https://sanitify.co/can-probiotic-bacillus-ferment-cleaners-improve-home-air-quality/,https://raw.githubusercontent.com/kennlend/sanitify-social-assets/main/pinterest/pins/can-probiotic-bacillus-ferment-cleaners-improve-home-air-quality/can-probiotic-bacillus-ferment-cleaners-improve-home-air-quality-01.png,Can Bacillus Ferment Improve Home Air Quality? | Sanitify Guide,,Vertical Sanitify Pinterest graphic using home lifestyle photography with the headline: Can Bacillus Ferment Improve Home Air Quality?.,,Indoor Air Quality Tips for Home,,,
2026-09-22 12:30,"Save this indoor air quality checklist: why high CO2 levels quietly ruin sleep and cause brain fog, and how to check for it.",https://sanitify.co/the-air-you-breathe-the-invisible-home-threats-and-how-to-solve-them/,https://raw.githubusercontent.com/kennlend/sanitify-social-assets/main/pinterest/pins/the-air-you-breathe-the-invisible-home-threats-and-how-to-solve-them/the-air-you-breathe-the-invisible-home-threats-and-how-to-solve-them-02.png,Save This Indoor Air Quality Checklist | Sanitify Guide,,Vertical Sanitify Pinterest graphic using home lifestyle photography with the headline: Save This Indoor Air Quality Checklist.,,Indoor Air Quality Tips for Home,,,
2026-09-22 16:30,The pet-safe cleaning mistake most people miss: the hidden dangers of common cleaning products sitting at exactly the height your pet lives at.,https://sanitify.co/the-importance-of-a-chemical-free-cleaning-routine-for-pet-owner/,https://raw.githubusercontent.com/kennlend/sanitify-social-assets/main/pinterest/pins/the-importance-of-a-chemical-free-cleaning-routine-for-pet-owner/the-importance-of-a-chemical-free-cleaning-routine-for-pet-owner-03.png,The Pet-Safe Cleaning Mistake Most People Miss | Sanitify Guide,,Vertical Sanitify Pinterest graphic using home lifestyle photography with the headline: The Pet-Safe Cleaning Mistake Most People Miss.,,Pet Safe Cleaning and Odor Removal,,,
2026-09-22 19:30,A smarter pet-safe cleaning routine protects the floor level of your home first — where pets actually spend their time.,https://sanitify.co/the-importance-of-a-chemical-free-cleaning-routine-for-pet-owner/,https://raw.githubusercontent.com/kennlend/sanitify-social-assets/main/pinterest/pins/the-importance-of-a-chemical-free-cleaning-routine-for-pet-owner/the-importance-of-a-chemical-free-cleaning-routine-for-pet-owner-04.png,A Smarter Pet-Safe Cleaning Routine | Sanitify Guide,,Vertical Sanitify Pinterest graphic using home lifestyle photography with the headline: A Smarter Pet-Safe Cleaning Routine.,,Pet Safe Cleaning and Odor Removal,,,
2026-09-23 08:30,"10 entryway cleaning products for mud, shoes and odor — the most effective products for the room that takes the most daily abuse.",https://sanitify.co/entryway-cleaning-products/,https://raw.githubusercontent.com/kennlend/sanitify-social-assets/main/pinterest/pins/entryway-cleaning-products/entryway-cleaning-products-01.png,"10 Best Entryway Cleaning Products for Mud, Shoes and Odor | Sanitify Guide",,"Vertical Sanitify Pinterest graphic using home lifestyle photography with the headline: 10 Best Entryway Cleaning Products for Mud, Shoes and Odor.",,Cleaning Checklists Room by Room,,,
2026-09-23 12:30,"Save this laundry care checklist: detergent basics — what detergent actually does to fabric and stains, explained simply.",https://sanitify.co/best-detergents-guide/,https://raw.githubusercontent.com/kennlend/sanitify-social-assets/main/pinterest/pins/best-detergents-guide/best-detergents-guide-02.png,Save This Laundry Care Checklist | Sanitify Guide,,Vertical Sanitify Pinterest graphic using home lifestyle photography with the headline: Save This Laundry Care Checklist.,,Natural Cleaning Tips for the Home,,,
2026-09-23 16:30,"Mold removal: what the evidence actually shows, measured — not estimated — starting with the toilet floor corner most guides ignore.",https://sanitify.co/probiotic-cleaning-mold-reduction-study/,https://raw.githubusercontent.com/kennlend/sanitify-social-assets/main/pinterest/pins/probiotic-cleaning-mold-reduction-study/probiotic-cleaning-mold-reduction-study-03.png,Mold Removal: What the Evidence Shows | Sanitify Guide,,Vertical Sanitify Pinterest graphic using home lifestyle photography with the headline: Mold Removal: What the Evidence Shows.,,Mold Removal and Prevention Tips,,,
2026-09-23 19:30,A smarter mold removal routine addresses moisture before it addresses mold — because mold is just the symptom showing up late.,https://sanitify.co/natural-mold-removal-without-bleach-toxic-chemicals/,https://raw.githubusercontent.com/kennlend/sanitify-social-assets/main/pinterest/pins/natural-mold-removal-without-bleach-toxic-chemicals/natural-mold-removal-without-bleach-toxic-chemicals-04.png,A Smarter Mold Removal Routine | Sanitify Guide,,Vertical Sanitify Pinterest graphic using home lifestyle photography with the headline: A Smarter Mold Removal Routine.,,Mold Removal and Prevention Tips,,,
2026-09-24 08:30,"You don't need bleach to get rid of mold — you need to understand why it grew there in the first place. How mold actually grows, and what removes it for good.",https://sanitify.co/how-to-safely-get-rid-of-mold-using-natural-cleaning-products/,https://raw.githubusercontent.com/kennlend/sanitify-social-assets/main/pinterest/pins/how-to-safely-get-rid-of-mold-using-natural-cleaning-products/how-to-safely-get-rid-of-mold-using-natural-cleaning-products-01.png,How to Get Rid of Mold Without Bleach | Sanitify Guide,,Vertical Sanitify Pinterest graphic using home lifestyle photography with the headline: How to Get Rid of Mold Without Bleach.,,Mold Removal and Prevention Tips,,,
2026-09-24 12:30,Save this garage and utility cleaning checklist: the 12 most effective products for a space most cleaning guides ignore.,https://sanitify.co/garage-utility-cleaning-products/,https://raw.githubusercontent.com/kennlend/sanitify-social-assets/main/pinterest/pins/garage-utility-cleaning-products/garage-utility-cleaning-products-02.png,Save This Garage And Utility Cleaning Checklist | Sanitify Guide,,Vertical Sanitify Pinterest graphic using home lifestyle photography with the headline: Save This Garage And Utility Cleaning Checklist.,,Cleaning Checklists Room by Room,,,
2026-09-24 16:30,"What to buy for garage and utility cleaning, and what to skip — including where a biodegradable cleaner actually earns its place.",https://sanitify.co/garage-utility-cleaning-products/,https://raw.githubusercontent.com/kennlend/sanitify-social-assets/main/pinterest/pins/garage-utility-cleaning-products/garage-utility-cleaning-products-03.png,What to Buy for Garage And Utility Cleaning — and Skip | Sanitify Guide,,Vertical Sanitify Pinterest graphic using home lifestyle photography with the headline: What to Buy for Garage And Utility Cleaning — and Skip.,,Cleaning Checklists Room by Room,,,
2026-09-24 19:30,The smarter kitchen cleaning setup needs far fewer bottles than you think. Here's the shortlist that actually earns cabinet space.,https://sanitify.co/most-effective-kitchen-cleaning-products/,https://raw.githubusercontent.com/kennlend/sanitify-social-assets/main/pinterest/pins/most-effective-kitchen-cleaning-products/most-effective-kitchen-cleaning-products-04.png,The Smarter Kitchen Cleaning Setup | Sanitify Guide,,Vertical Sanitify Pinterest graphic using home lifestyle photography with the headline: The Smarter Kitchen Cleaning Setup.,,Cleaning Checklists Room by Room,,,
2026-09-25 08:30,How to remove mold from walls and ceilings without ruining the paint — surface mold versus a moisture problem behind the wall.,https://sanitify.co/remove-mold-from-walls-and-ceilings/,https://raw.githubusercontent.com/kennlend/sanitify-social-assets/main/pinterest/pins/remove-mold-from-walls-and-ceilings/remove-mold-from-walls-and-ceilings-01.png,Remove Mold From Walls & Ceilings Without Ruining Paint | Sanitify Guide,,Vertical Sanitify Pinterest graphic using home lifestyle photography with the headline: Remove Mold From Walls & Ceilings Without Ruining Paint.,,Mold Removal and Prevention Tips,,,
2026-09-25 12:30,"Save this patio cleaning checklist: the most effective cleaning products for outdoor patios and decks, ranked.",https://sanitify.co/outdoor-patio-cleaning-products/,https://raw.githubusercontent.com/kennlend/sanitify-social-assets/main/pinterest/pins/outdoor-patio-cleaning-products/outdoor-patio-cleaning-products-02.png,Save This Patio Cleaning Checklist | Sanitify Guide,,Vertical Sanitify Pinterest graphic using home lifestyle photography with the headline: Save This Patio Cleaning Checklist.,,Cleaning Checklists Room by Room,,,
2026-09-25 16:30,"What to buy for kitchen cleaning, and what to skip entirely — the 20 most effective products, ranked by what actually cuts grease.",https://sanitify.co/most-effective-kitchen-cleaning-products/,https://raw.githubusercontent.com/kennlend/sanitify-social-assets/main/pinterest/pins/most-effective-kitchen-cleaning-products/most-effective-kitchen-cleaning-products-03.png,What to Buy for Kitchen Cleaning — and Skip | Sanitify Guide,,Vertical Sanitify Pinterest graphic using home lifestyle photography with the headline: What to Buy for Kitchen Cleaning — and Skip.,,Cleaning Checklists Room by Room,,,
2026-09-25 19:30,A smarter home microbiome routine works with your home's ecosystem instead of trying to erase it. Here's what that actually looks like day to day.,https://sanitify.co/why-a-balanced-home-microbiome-is-crucial-for-your-familys-health/,https://raw.githubusercontent.com/kennlend/sanitify-social-assets/main/pinterest/pins/why-a-balanced-home-microbiome-is-crucial-for-your-familys-health/why-a-balanced-home-microbiome-is-crucial-for-your-familys-health-04.png,A Smarter Home Microbiome Routine | Sanitify Guide,,Vertical Sanitify Pinterest graphic using home lifestyle photography with the headline: A Smarter Home Microbiome Routine.,,Home Microbiome and Probiotic Cleaning,,,
2026-09-26 08:30,"Chemical-free home cleaning that actually works for grease, grime and everyday mess — not just the marketing version. The best eco solutions, explained simply.",https://sanitify.co/the-best-eco-friendly-cleaning-solutions-for-a-chemical-free-home/,https://raw.githubusercontent.com/kennlend/sanitify-social-assets/main/pinterest/pins/the-best-eco-friendly-cleaning-solutions-for-a-chemical-free-home/the-best-eco-friendly-cleaning-solutions-for-a-chemical-free-home-01.png,Chemical-Free Home Cleaning: Best Eco Solutions That Work | Sanitify Guide,,Vertical Sanitify Pinterest graphic using home lifestyle photography with the headline: Chemical-Free Home Cleaning: Best Eco Solutions That Work.,,Natural Cleaning Tips for the Home,,,
2026-09-26 12:30,Save this wall and ceiling mold checklist: why bleach is the wrong first move on a painted wall.,https://sanitify.co/remove-mold-from-walls-and-ceilings/,https://raw.githubusercontent.com/kennlend/sanitify-social-assets/main/pinterest/pins/remove-mold-from-walls-and-ceilings/remove-mold-from-walls-and-ceilings-02.png,Save This Wall And Ceiling Mold Checklist | Sanitify Guide,,Vertical Sanitify Pinterest graphic using home lifestyle photography with the headline: Save This Wall And Ceiling Mold Checklist.,,Mold Removal and Prevention Tips,,,
2026-09-26 16:30,"What to buy for patio cleaning, and what to skip — the 10 most effective products for decks, patios and BBQ areas.",https://sanitify.co/outdoor-patio-cleaning-products/,https://raw.githubusercontent.com/kennlend/sanitify-social-assets/main/pinterest/pins/outdoor-patio-cleaning-products/outdoor-patio-cleaning-products-03.png,What to Buy for Patio Cleaning — and Skip | Sanitify Guide,,Vertical Sanitify Pinterest graphic using home lifestyle photography with the headline: What to Buy for Patio Cleaning — and Skip.,,Cleaning Checklists Room by Room,,,
2026-09-26 19:30,"The smarter bedroom cleaning setup treats a bedroom like the allergen-control room it actually is, not just another room to tidy.",https://sanitify.co/bedroom-cleaning-products/,https://raw.githubusercontent.com/kennlend/sanitify-social-assets/main/pinterest/pins/bedroom-cleaning-products/bedroom-cleaning-products-04.png,The Smarter Bedroom Cleaning Setup | Sanitify Guide,,Vertical Sanitify Pinterest graphic using home lifestyle photography with the headline: The Smarter Bedroom Cleaning Setup.,,Cleaning Checklists Room by Room,,,
2026-09-27 08:30,"12 bedroom cleaning products for dust, allergens and odor — the ones that actually matter for a room you sleep in for hours every night.",https://sanitify.co/bedroom-cleaning-products/,https://raw.githubusercontent.com/kennlend/sanitify-social-assets/main/pinterest/pins/bedroom-cleaning-products/bedroom-cleaning-products-01.png,"12 Best Bedroom Cleaning Products for Dust, Allergens and Odor | Sanitify Guide",,"Vertical Sanitify Pinterest graphic using home lifestyle photography with the headline: 12 Best Bedroom Cleaning Products for Dust, Allergens and Odor.",,Cleaning Checklists Room by Room,,,
2026-09-27 12:30,Save this mold removal checklist: what a HEPA air purifier genuinely does for mold — and what it was never designed to do.,https://sanitify.co/air-purifier-for-mold-spores/,https://raw.githubusercontent.com/kennlend/sanitify-social-assets/main/pinterest/pins/air-purifier-for-mold-spores/air-purifier-for-mold-spores-02.png,Save This Mold Removal Checklist | Sanitify Guide,,Vertical Sanitify Pinterest graphic using home lifestyle photography with the headline: Save This Mold Removal Checklist.,,Mold Removal and Prevention Tips,,,
2026-09-27 16:30,The allergy-aware cleaning mistake most people miss: buying more cleaning supplies when choosing the right few matters far more than having many.,https://sanitify.co/protect-your-family-from-allergies-cleaning-tips-for-allergy-sufferers/,https://raw.githubusercontent.com/kennlend/sanitify-social-assets/main/pinterest/pins/protect-your-family-from-allergies-cleaning-tips-for-allergy-sufferers/protect-your-family-from-allergies-cleaning-tips-for-allergy-sufferers-03.png,The Allergy-Aware Cleaning Mistake Most People Miss | Sanitify Guide,,Vertical Sanitify Pinterest graphic using home lifestyle photography with the headline: The Allergy-Aware Cleaning Mistake Most People Miss.,,Allergy Friendly Home Cleaning,,,
2026-09-27 19:30,"The smarter eco-friendly cleaning setup replaces your worst offenders first, not your whole cabinet at once. Here's the order that works.",https://sanitify.co/top-5-eco-friendly-cleaning-products-you-need-in-your-home/,https://raw.githubusercontent.com/kennlend/sanitify-social-assets/main/pinterest/pins/top-5-eco-friendly-cleaning-products-you-need-in-your-home/top-5-eco-friendly-cleaning-products-you-need-in-your-home-04.png,The Smarter Eco-Friendly Cleaning Setup | Sanitify Guide,,Vertical Sanitify Pinterest graphic using home lifestyle photography with the headline: The Smarter Eco-Friendly Cleaning Setup.,,Natural Cleaning Tips for the Home,,,
2026-09-28 08:30,"The best laundry cleaning products for genuinely cleaner clothes — ranked across 20 products, brands and categories that actually matter.",https://sanitify.co/best-laundry-cleaning-products/,https://raw.githubusercontent.com/kennlend/sanitify-social-assets/main/pinterest/pins/best-laundry-cleaning-products/best-laundry-cleaning-products-01.png,Best Laundry Cleaning Products for Cleaner Clothes | Sanitify Guide,,Vertical Sanitify Pinterest graphic using home lifestyle photography with the headline: Best Laundry Cleaning Products for Cleaner Clothes.,,Cleaning Checklists Room by Room,,,
2026-09-28 12:30,"Save this living-room cleaning checklist: what cleaning products a living room actually needs, before you overspend on extras.",https://sanitify.co/living-room-cleaning-products/,https://raw.githubusercontent.com/kennlend/sanitify-social-assets/main/pinterest/pins/living-room-cleaning-products/living-room-cleaning-products-02.png,Save This Living-Room Cleaning Checklist | Sanitify Guide,,Vertical Sanitify Pinterest graphic using home lifestyle photography with the headline: Save This Living-Room Cleaning Checklist.,,Cleaning Checklists Room by Room,,,
2026-09-28 16:30,The chemical-free cleaning mistake most people miss: swapping one harsh product for another 'natural' one that works the same way. Here's what to look for instead.,https://sanitify.co/the-best-eco-friendly-cleaning-solutions-for-a-chemical-free-home/,https://raw.githubusercontent.com/kennlend/sanitify-social-assets/main/pinterest/pins/the-best-eco-friendly-cleaning-solutions-for-a-chemical-free-home/the-best-eco-friendly-cleaning-solutions-for-a-chemical-free-home-03.png,What to Buy for Chemical-Free Cleaning — and Skip | Sanitify Guide,,Vertical Sanitify Pinterest graphic using home lifestyle photography with the headline: What to Buy for Chemical-Free Cleaning — and Skip.,,Natural Cleaning Tips for the Home,,,
2026-09-28 19:30,The smarter laundry care setup matches the detergent to the job instead of grabbing whatever's closest. Here's how to choose it.,https://sanitify.co/best-detergents-guide/,https://raw.githubusercontent.com/kennlend/sanitify-social-assets/main/pinterest/pins/best-detergents-guide/best-detergents-guide-04.png,The Smarter Laundry Care Setup | Sanitify Guide,,Vertical Sanitify Pinterest graphic using home lifestyle photography with the headline: The Smarter Laundry Care Setup.,,Natural Cleaning Tips for the Home,,,
2026-09-29 08:30,"Why is the air quality in your own home so bad? The hidden threats behind stale indoor air, and how to actually solve them.",https://sanitify.co/the-air-you-breathe-the-invisible-home-threats-and-how-to-solve-them/,https://raw.githubusercontent.com/kennlend/sanitify-social-assets/main/pinterest/pins/the-air-you-breathe-the-invisible-home-threats-and-how-to-solve-them/the-air-you-breathe-the-invisible-home-threats-and-how-to-solve-them-01.png,Indoor Air Quality: Hidden Home Threats & How to Fix Them | Sanitify Guide,,Vertical Sanitify Pinterest graphic using home lifestyle photography with the headline: Indoor Air Quality: Hidden Home Threats & How to Fix Them.,,Indoor Air Quality Tips for Home,,,
2026-09-29 12:30,Save this mold removal checklist: the study methodology worth understanding before you judge any mold-cleaning claim.,https://sanitify.co/probiotic-cleaning-mold-reduction-study/,https://raw.githubusercontent.com/kennlend/sanitify-social-assets/main/pinterest/pins/probiotic-cleaning-mold-reduction-study/probiotic-cleaning-mold-reduction-study-02.png,Save This Mold Removal Checklist | Sanitify Guide,,Vertical Sanitify Pinterest graphic using home lifestyle photography with the headline: Save This Mold Removal Checklist.,,Mold Removal and Prevention Tips,,,
2026-09-29 16:30,The whole-home cleaning mistake most people miss: owning a dozen specialty sprays that all do the same three jobs.,https://sanitify.co/house-cleaning-supplies-guide/,https://raw.githubusercontent.com/kennlend/sanitify-social-assets/main/pinterest/pins/house-cleaning-supplies-guide/house-cleaning-supplies-guide-03.png,What to Buy for Whole-Home Cleaning — and Skip | Sanitify Guide,,Vertical Sanitify Pinterest graphic using home lifestyle photography with the headline: What to Buy for Whole-Home Cleaning — and Skip.,,Natural Cleaning Tips for the Home,,,
2026-09-29 19:30,"A smarter indoor air quality routine looks at probiotics and Bacillus ferment as part of the solution, not just filtration.",https://sanitify.co/the-air-you-breathe-the-invisible-home-threats-and-how-to-solve-them/,https://raw.githubusercontent.com/kennlend/sanitify-social-assets/main/pinterest/pins/the-air-you-breathe-the-invisible-home-threats-and-how-to-solve-them/the-air-you-breathe-the-invisible-home-threats-and-how-to-solve-them-04.png,A Smarter Indoor Air Quality Routine | Sanitify Guide,,Vertical Sanitify Pinterest graphic using home lifestyle photography with the headline: A Smarter Indoor Air Quality Routine.,,Indoor Air Quality Tips for Home,,,
2026-09-30 08:30,"What's actually floating in your home's air? Indoor air pollutants explained — dust mites, dander and VOCs, one at a time.",https://sanitify.co/indoor-air-pollutants-dust-mites-pet-dander-vocs/,https://raw.githubusercontent.com/kennlend/sanitify-social-assets/main/pinterest/pins/indoor-air-pollutants-dust-mites-pet-dander-vocs/indoor-air-pollutants-dust-mites-pet-dander-vocs-01.png,"Indoor Air Pollutants at Home: Dust Mites, Dander & VOCs | Sanitify Guide",,"Vertical Sanitify Pinterest graphic using home lifestyle photography with the headline: Indoor Air Pollutants at Home: Dust Mites, Dander & VOCs.",,Allergy Friendly Home Cleaning,,,
2026-09-30 12:30,Save this probiotic vs chemical cleaning checklist: how chemical disinfectants work compared to how probiotic cleaners work.,https://sanitify.co/probiotic-cleaning-vs-chemical-disinfectants-scientific-comparison/,https://raw.githubusercontent.com/kennlend/sanitify-social-assets/main/pinterest/pins/probiotic-cleaning-vs-chemical-disinfectants-scientific-comparison/probiotic-cleaning-vs-chemical-disinfectants-scientific-comparison-02.png,Save This Probiotic Vs Chemical Cleaning Checklist | Sanitify Guide,,Vertical Sanitify Pinterest graphic using home lifestyle photography with the headline: Save This Probiotic Vs Chemical Cleaning Checklist.,,Home Microbiome and Probiotic Cleaning,,,
2026-09-30 16:30,"What to buy for entryway cleaning, and what to skip — the 10 most effective products for mud, shoes and lingering odor.",https://sanitify.co/entryway-cleaning-products/,https://raw.githubusercontent.com/kennlend/sanitify-social-assets/main/pinterest/pins/entryway-cleaning-products/entryway-cleaning-products-03.png,What to Buy for Entryway Cleaning — and Skip | Sanitify Guide,,Vertical Sanitify Pinterest graphic using home lifestyle photography with the headline: What to Buy for Entryway Cleaning — and Skip.,,Cleaning Checklists Room by Room,,,
2026-09-30 19:30,"A smarter mold removal routine treats the cause, not just the stain. What actually works, backed by how mold spreads in the first place.",https://sanitify.co/how-to-safely-get-rid-of-mold-using-natural-cleaning-products/,https://raw.githubusercontent.com/kennlend/sanitify-social-assets/main/pinterest/pins/how-to-safely-get-rid-of-mold-using-natural-cleaning-products/how-to-safely-get-rid-of-mold-using-natural-cleaning-products-04.png,A Smarter Mold Removal Routine | Sanitify Guide,,Vertical Sanitify Pinterest graphic using home lifestyle photography with the headline: A Smarter Mold Removal Routine.,,Mold Removal and Prevention Tips,,,
2026-10-01 08:30,A smarter chemical-free cleaning routine starts with knowing which chemical cleaners might be harming more than just dirt.,https://sanitify.co/the-hidden-dangers-of-chemical-cleaners-and-what-to-use-instead/,https://raw.githubusercontent.com/kennlend/sanitify-social-assets/main/pinterest/pins/the-hidden-dangers-of-chemical-cleaners-and-what-to-use-instead/the-hidden-dangers-of-chemical-cleaners-and-what-to-use-instead-04.png,A Smarter Chemical-Free Cleaning Routine | Sanitify Guide,,Vertical Sanitify Pinterest graphic using home lifestyle photography with the headline: A Smarter Chemical-Free Cleaning Routine.,,Natural Cleaning Tips for the Home,,,
2026-10-01 12:30,Save this entryway cleaning checklist: how to choose entryway cleaning products for a space that's dirty before you even notice it.,https://sanitify.co/entryway-cleaning-products/,https://raw.githubusercontent.com/kennlend/sanitify-social-assets/main/pinterest/pins/entryway-cleaning-products/entryway-cleaning-products-02.png,Save This Entryway Cleaning Checklist | Sanitify Guide,,Vertical Sanitify Pinterest graphic using home lifestyle photography with the headline: Save This Entryway Cleaning Checklist.,,Cleaning Checklists Room by Room,,,
2026-10-01 16:30,The wall and ceiling mold mistake most people miss: reaching for bleach before checking if it's surface mold or a moisture problem.,https://sanitify.co/remove-mold-from-walls-and-ceilings/,https://raw.githubusercontent.com/kennlend/sanitify-social-assets/main/pinterest/pins/remove-mold-from-walls-and-ceilings/remove-mold-from-walls-and-ceilings-03.png,The Wall And Ceiling Mold Mistake Most People Miss | Sanitify Guide,,Vertical Sanitify Pinterest graphic using home lifestyle photography with the headline: The Wall And Ceiling Mold Mistake Most People Miss.,,Mold Removal and Prevention Tips,,,
2026-10-01 19:30,"The smarter living-room cleaning setup is built around upholstery and everyday traffic, not generic all-purpose sprays.",https://sanitify.co/living-room-cleaning-products/,https://raw.githubusercontent.com/kennlend/sanitify-social-assets/main/pinterest/pins/living-room-cleaning-products/living-room-cleaning-products-04.png,The Smarter Living-Room Cleaning Setup | Sanitify Guide,,Vertical Sanitify Pinterest graphic using home lifestyle photography with the headline: The Smarter Living-Room Cleaning Setup.,,Cleaning Checklists Room by Room,,,
2026-10-02 08:30,"Save this allergy-aware cleaning checklist: decluttering for a dust-free zone, and why less stuff genuinely means fewer allergens.",https://sanitify.co/protect-your-family-from-allergies-cleaning-tips-for-allergy-sufferers/,https://raw.githubusercontent.com/kennlend/sanitify-social-assets/main/pinterest/pins/protect-your-family-from-allergies-cleaning-tips-for-allergy-sufferers/protect-your-family-from-allergies-cleaning-tips-for-allergy-sufferers-02.png,Save This Allergy-Aware Cleaning Checklist | Sanitify Guide,,Vertical Sanitify Pinterest graphic using home lifestyle photography with the headline: Save This Allergy-Aware Cleaning Checklist.,,Allergy Friendly Home Cleaning,,,
2026-10-02 12:30,"What to buy for bathroom cleaning, and what to skip — the 15 most effective products, ranked for scale and grime specifically.",https://sanitify.co/most-effective-bathroom-cleaning-products/,https://raw.githubusercontent.com/kennlend/sanitify-social-assets/main/pinterest/pins/most-effective-bathroom-cleaning-products/most-effective-bathroom-cleaning-products-03.png,What to Buy for Bathroom Cleaning — and Skip | Sanitify Guide,,Vertical Sanitify Pinterest graphic using home lifestyle photography with the headline: What to Buy for Bathroom Cleaning — and Skip.,,Cleaning Checklists Room by Room,,,
2026-10-02 16:30,"The smarter whole-home cleaning setup fits in a small caddy, not a full cabinet. Here's what actually earns a spot in it.",https://sanitify.co/house-cleaning-supplies-guide/,https://raw.githubusercontent.com/kennlend/sanitify-social-assets/main/pinterest/pins/house-cleaning-supplies-guide/house-cleaning-supplies-guide-04.png,The Smarter Whole-Home Cleaning Setup | Sanitify Guide,,Vertical Sanitify Pinterest graphic using home lifestyle photography with the headline: The Smarter Whole-Home Cleaning Setup.,,Natural Cleaning Tips for the Home,,,
2026-10-02 19:30,"Save this indoor air pollutants checklist: enemy #1, dust mites — where they live and what actually reduces them.",https://sanitify.co/indoor-air-pollutants-dust-mites-pet-dander-vocs/,https://raw.githubusercontent.com/kennlend/sanitify-social-assets/main/pinterest/pins/indoor-air-pollutants-dust-mites-pet-dander-vocs/indoor-air-pollutants-dust-mites-pet-dander-vocs-02.png,Save This Indoor Air Pollutants Checklist | Sanitify Guide,,Vertical Sanitify Pinterest graphic using home lifestyle photography with the headline: Save This Indoor Air Pollutants Checklist.,,Allergy Friendly Home Cleaning,,,
2026-10-03 08:30,The home microbiome mistake most people miss: assuming more cleaning always means a healthier home. The research on microbiome diversity says otherwise.,https://sanitify.co/why-a-balanced-home-microbiome-is-crucial-for-your-familys-health/,https://raw.githubusercontent.com/kennlend/sanitify-social-assets/main/pinterest/pins/why-a-balanced-home-microbiome-is-crucial-for-your-familys-health/why-a-balanced-home-microbiome-is-crucial-for-your-familys-health-03.png,The Home Microbiome Mistake Most People Miss | Sanitify Guide,,Vertical Sanitify Pinterest graphic using home lifestyle photography with the headline: The Home Microbiome Mistake Most People Miss.,,Home Microbiome and Probiotic Cleaning,,,
